title,year,bt_score,dubious,imdbid,id,submitterid,date,visible
Gemini Man,2019.0,1.0,0.0,1025100.0,8868.0,17383.0,2019-10-12 10:46:05,1.0
Ford v Ferrari,2019.0,0.0,0.0,1950186.0,8869.0,17384.0,2019-10-12 10:48:31,1.0
Hustlers,2019.0,3.0,0.0,5503686.0,8870.0,17389.0,2019-10-14 13:49:26,1.0
Maleficent: Mistress of Evil,2019.0,3.0,0.0,4777008.0,8876.0,17403.0,2019-10-26 22:39:21,1.0
"Laundromat, The",2019.0,3.0,0.0,5865326.0,8877.0,17405.0,2019-10-27 07:11:37,1.0
"King, The",2019.0,1.0,0.0,7984766.0,8881.0,17413.0,2019-11-04 20:46:01,1.0
Portrait of a Lady on Fire,2019.0,3.0,0.0,8613070.0,8882.0,17414.0,2019-11-05 13:05:07,1.0
"Gentlemen, The",2019.0,3.0,0.0,8367814.0,8982.0,17595.0,2020-01-26 00:33:02,1.0
What Men Want,2019.0,1.0,0.0,7634968.0,8884.0,17421.0,2019-11-08 20:10:14,1.0
After,2019.0,3.0,0.0,4126476.0,8886.0,17424.0,2019-11-10 00:05:05,1.0
Abominable,2019.0,3.0,0.0,6324278.0,8889.0,17427.0,2019-11-10 23:49:56,1.0
Harriet,2019.0,3.0,0.0,4648786.0,8892.0,17431.0,2019-11-11 08:52:32,1.0
Marriage Story,2019.0,2.0,0.0,7653254.0,8893.0,17433.0,2019-11-11 16:17:41,1.0
"Lighthouse, The",2019.0,0.0,0.0,7984734.0,8894.0,17434.0,2019-11-12 19:41:33,1.0
It Chapter 2,2019.0,3.0,0.0,7349950.0,8895.0,17435.0,2019-11-12 20:29:01,1.0
Last Christmas,2019.0,3.0,0.0,8623904.0,8899.0,17442.0,2019-11-17 00:51:02,1.0
Luce,2019.0,3.0,0.0,7616148.0,8900.0,17445.0,2019-11-19 15:52:13,1.0
Klaus,2019.0,1.0,0.0,4729430.0,8901.0,17446.0,2019-11-22 22:00:00,1.0
"Knight Before Christmas, The",2019.0,3.0,0.0,10060094.0,8902.0,17447.0,2019-11-22 22:01:05,1.0
Jojo Rabbit,2019.0,3.0,0.0,2584384.0,8903.0,17448.0,2019-11-23 04:06:48,1.0
Midway,2019.0,1.0,0.0,6924650.0,8904.0,17449.0,2019-11-23 04:22:21,1.0
Charlie&#39;s Angels,2019.0,3.0,0.0,5033998.0,8905.0,17450.0,2019-11-23 04:40:15,1.0
Knives Out,2019.0,3.0,0.0,8946378.0,8907.0,17452.0,2019-11-24 04:44:26,1.0
Motherless Brooklyn,2019.0,3.0,0.0,385887.0,8910.0,17458.0,2019-11-27 19:16:17,1.0
A Beautiful Day in the Neighborhood,2019.0,2.0,0.0,3224458.0,8911.0,17459.0,2019-11-27 19:22:45,1.0
Clementine,2019.0,3.0,0.0,7311036.0,8912.0,17460.0,2019-11-29 10:34:39,1.0
Queen &amp; Slim,2019.0,2.0,1.0,8722346.0,8913.0,17463.0,2019-12-01 22:42:43,1.0
Doctor Sleep,2019.0,3.0,0.0,5606664.0,8914.0,17464.0,2019-12-02 19:31:17,1.0
"Irishman, The",2019.0,1.0,0.0,1302006.0,8915.0,17465.0,2019-12-02 20:57:08,1.0
Frozen 2,2019.0,3.0,0.0,4520988.0,8916.0,17467.0,2019-12-03 05:40:40,1.0
Unbelievable,2019.0,3.0,0.0,7909970.0,8917.0,17468.0,2019-12-03 20:38:04,1.0
Les Miserables,2019.0,0.0,0.0,10199590.0,8918.0,17470.0,2019-12-03 23:15:47,1.0
Zombieland: Double Tap,2019.0,3.0,0.0,1560220.0,8927.0,17480.0,2019-12-09 19:08:32,1.0
Tekst,2019.0,1.0,1.0,10767426.0,8932.0,17496.0,2019-12-16 10:25:56,1.0
Satanic Panic,2019.0,3.0,0.0,8510350.0,8934.0,17501.0,2019-12-19 21:53:36,1.0
Star Wars: Episode IX - The Rise of Skywalker,2019.0,3.0,0.0,2527338.0,8936.0,17503.0,2019-12-22 14:49:19,1.0
Yesterday,2019.0,1.0,0.0,8079248.0,8937.0,17507.0,2019-12-25 23:38:49,1.0
Her Smell,2019.0,3.0,0.0,7942742.0,8940.0,17510.0,2019-12-28 13:50:31,1.0
Cats,2019.0,3.0,0.0,5697572.0,8941.0,17513.0,2019-12-30 00:43:13,1.0
Rambo: Last Blood,2019.0,2.0,1.0,1206885.0,8942.0,17515.0,2019-12-30 19:46:28,1.0
Good Boys,2019.0,3.0,0.0,7343762.0,8943.0,17517.0,2019-12-31 06:34:57,1.0
A Dog&#39;s Journey,2019.0,3.0,0.0,8385474.0,8946.0,17522.0,2020-01-01 23:07:36,1.0
Monos,2019.0,3.0,0.0,6062774.0,8948.0,17526.0,2020-01-05 07:44:54,1.0
Little Women,2019.0,3.0,0.0,3281548.0,8949.0,17527.0,2020-01-05 13:59:23,1.0
"Aeronauts, The",2019.0,3.0,0.0,6141246.0,8950.0,17528.0,2020-01-05 14:01:59,1.0
Uncut Gems,2019.0,2.0,1.0,5727208.0,8951.0,17533.0,2020-01-06 21:31:53,1.0
Sorry We Missed You,2019.0,3.0,0.0,8359816.0,8980.0,17593.0,2020-01-25 12:10:58,1.0
"Goldfinch, The",2019.0,1.0,0.0,3864056.0,8953.0,17537.0,2020-01-08 15:31:28,1.0
"Two Popes, The",2019.0,1.0,0.0,8404614.0,8956.0,17540.0,2020-01-09 19:06:41,1.0
1917,2019.0,0.0,0.0,8579674.0,8962.0,17552.0,2020-01-13 19:28:36,1.0
Just Mercy,2019.0,2.0,0.0,4916630.0,8979.0,17590.0,2020-01-24 14:44:41,1.0
Little Joe,2019.0,3.0,0.0,9204204.0,8967.0,17566.0,2020-01-18 00:28:28,1.0
Anya,2019.0,3.0,0.0,7488288.0,8968.0,17568.0,2020-01-18 05:13:57,1.0
For Sama,2019.0,3.0,0.0,9617456.0,8969.0,17569.0,2020-01-18 22:13:56,1.0
Troop Zero,2019.0,3.0,0.0,2404465.0,8970.0,17570.0,2020-01-19 02:46:12,1.0
Cosmos,2019.0,0.0,0.0,4477292.0,8972.0,17572.0,2020-01-19 19:55:43,1.0
Jeanne,2019.0,3.0,0.0,8669356.0,8974.0,17575.0,2020-01-20 09:47:51,1.0
"Shiny Shrimps, The",2019.0,0.0,0.0,6918220.0,8975.0,17577.0,2020-01-20 10:15:26,1.0
Une fille facile,2019.0,3.0,0.0,9632590.0,8976.0,17578.0,2020-01-20 10:23:34,1.0
In the Tall Grass,2019.0,1.0,0.0,4687108.0,8978.0,17587.0,2020-01-23 11:10:21,1.0
El Camino: A Breaking Bad Movie,2019.0,1.0,0.0,9243946.0,8984.0,17598.0,2020-01-26 20:21:02,1.0
Weathering with You,2019.0,3.0,0.0,9426210.0,8988.0,17602.0,2020-01-27 23:18:41,1.0
Jumanji: The Next Level,2019.0,1.0,0.0,7975244.0,8993.0,17608.0,2020-01-28 10:17:12,1.0
O Filme do Bruno Aleixo,2019.0,0.0,0.0,10244726.0,8995.0,17610.0,2020-01-30 02:36:26,1.0
Paddleton,2019.0,0.0,0.0,8041276.0,9015.0,17727.0,2020-02-18 03:29:12,1.0
Seberg,2019.0,3.0,0.0,1780967.0,9018.0,17737.0,2020-02-22 20:15:23,1.0
Straight Up,2019.0,3.0,0.0,8855960.0,9023.0,17752.0,2020-03-01 04:58:29,1.0
Can You Keep A Secret?,2019.0,3.0,0.0,8707922.0,9027.0,17758.0,2020-03-03 04:50:27,1.0
i lost my body,2019.0,0.0,0.0,9806192.0,9035.0,17776.0,2020-03-11 08:27:54,1.0
"Platform, The",2019.0,1.0,0.0,8228288.0,9047.0,17797.0,2020-03-22 14:39:42,1.0
Iron Sky: The Coming Race,2019.0,3.0,0.0,3038708.0,9067.0,17829.0,2020-04-05 17:03:32,1.0
"Specials, The",2019.0,1.0,0.0,8655470.0,9068.0,17834.0,2020-04-06 17:01:47,1.0
Color Out of Space,2019.0,2.0,0.0,5073642.0,9069.0,17835.0,2020-04-06 22:10:02,1.0
Otherhood,2019.0,3.0,0.0,4180560.0,9080.0,17861.0,2020-04-14 00:01:06,1.0
7500,2019.0,1.0,0.0,6436726.0,9175.0,18095.0,2020-06-19 20:03:07,1.0
Secret Obsession,2019.0,1.0,0.0,9419834.0,9086.0,17878.0,2020-04-19 21:07:45,1.0
HELEN,2019.0,1.0,0.0,10308528.0,9089.0,17887.0,2020-04-22 22:02:01,1.0
Spies in Disguise,2019.0,3.0,0.0,5814534.0,9090.0,17889.0,2020-04-23 10:34:39,1.0
Saand Ki Aankh,2019.0,3.0,0.0,8108206.0,9097.0,17923.0,2020-04-28 04:37:34,1.0
Missing Link,2019.0,1.0,0.0,6348138.0,9099.0,17944.0,2020-04-28 21:52:00,1.0
Murder Mystery,2019.0,1.0,1.0,1618434.0,9103.0,17949.0,2020-04-30 02:55:35,1.0
Bit,2019.0,3.0,0.0,8425034.0,9109.0,17958.0,2020-05-03 16:18:34,1.0
Love Live! Sunshine!! The School Idol Movie: Over The Rainbow,2019.0,3.0,0.0,8659948.0,9112.0,17962.0,2020-05-04 08:18:20,1.0
Bombshells and Dollies,2019.0,3.0,0.0,6065988.0,9115.0,17965.0,2020-05-04 17:28:04,1.0
"Dead Don&#39;t Die, The",2019.0,3.0,0.0,8695030.0,9122.0,17984.0,2020-05-06 07:06:21,1.0
"Report, The",2019.0,0.0,0.0,8236336.0,9143.0,18032.0,2020-05-25 12:04:02,1.0
Furie,2019.0,3.0,0.0,9412268.0,9371.0,18506.0,2020-12-14 10:47:49,1.0
Rocketman,2019.0,3.0,1.0,2066051.0,9146.0,18037.0,2020-05-26 05:38:32,1.0
Under The Silver Lake,2019.0,0.0,0.0,5691670.0,9149.0,18047.0,2020-06-01 06:24:06,1.0
"Vast of Night, The",2019.0,3.0,0.0,6803046.0,9159.0,18064.0,2020-06-07 01:22:07,1.0
Long Shot,2019.0,3.0,0.0,2139881.0,9168.0,18082.0,2020-06-13 10:28:07,1.0
Guns Akimbo,2019.0,3.0,0.0,6902676.0,9189.0,18132.0,2020-07-01 18:32:07,1.0
"Last Full Measure, The",2019.0,1.0,0.0,783640.0,9198.0,18151.0,2020-07-10 17:59:33,1.0
Bad Education,2019.0,3.0,0.0,8206668.0,9204.0,18159.0,2020-07-15 16:42:56,1.0
Vivarium,2019.0,3.0,0.0,8368406.0,9212.0,18183.0,2020-07-25 14:55:04,1.0
Before You Know It,2019.0,3.0,0.0,8856090.0,9214.0,18185.0,2020-07-26 15:04:58,1.0
"Ground Beneath My Feet, The",2019.0,3.0,0.0,7902124.0,9218.0,18205.0,2020-08-01 16:24:03,1.0
"Beach Bum, The",2019.0,1.0,0.0,6511932.0,9219.0,18206.0,2020-08-02 23:41:38,1.0
Une Paire de Jumelles,2019.0,3.0,0.0,9217514.0,9222.0,18210.0,2020-08-04 10:07:05,1.0
"Body Remembers When The World Broke Open, The",2019.0,3.0,0.0,8230872.0,9232.0,18231.0,2020-08-10 07:38:09,1.0
Saint Frances,2019.0,3.0,0.0,9016016.0,9244.0,18254.0,2020-08-17 00:23:06,1.0
Frankie,2019.0,3.0,0.0,8019694.0,9249.0,18262.0,2020-08-20 23:48:14,1.0
La Peor de Mis Bodas 2,2019.0,3.0,0.0,8932338.0,9250.0,18268.0,2020-08-25 22:57:56,1.0
Top End Wedding,2019.0,3.0,0.0,7555072.0,9258.0,18290.0,2020-09-03 07:54:15,1.0
"hockey girls, The",2019.0,3.0,0.0,9486226.0,9263.0,18297.0,2020-09-04 18:27:55,1.0
Ip Man 4: The Finale,2019.0,3.0,0.0,2076298.0,9264.0,18299.0,2020-09-04 21:35:03,1.0
Babyteeth,2019.0,3.0,0.0,8399664.0,9273.0,18314.0,2020-09-15 01:41:24,1.0
Mercy Black,2019.0,3.0,0.0,8758086.0,9278.0,18330.0,2020-09-22 03:53:12,1.0
"Addams Family, The",2019.0,3.0,0.0,1620981.0,9279.0,18331.0,2020-09-22 23:37:06,1.0
"A Dark, Dark Man",2019.0,1.0,0.0,10867768.0,9302.0,18367.0,2020-10-09 15:30:35,1.0
K-12,2019.0,3.0,0.0,10521814.0,9306.0,18375.0,2020-10-12 20:58:02,1.0
Come to Daddy,2019.0,1.0,0.0,8816194.0,9309.0,18380.0,2020-10-14 01:26:48,1.0
"Legend of Hei (Luo Xiao Hei zhan ji), The",2019.0,0.0,0.0,10734928.0,9316.0,18401.0,2020-10-28 01:20:40,1.0
"Yes, God, Yes",2019.0,3.0,0.0,8949056.0,9325.0,18421.0,2020-11-11 14:53:35,1.0
"Kitchen, The",2019.0,3.0,0.0,5822564.0,9337.0,18440.0,2020-11-21 22:20:06,1.0
Wonder Park,2019.0,3.0,0.0,6428676.0,9344.0,18454.0,2020-11-28 14:04:52,1.0
A.M.I.,2019.0,3.0,0.0,8712750.0,9348.0,18464.0,2020-12-03 02:50:44,1.0
A New Christmas,2019.0,1.0,0.0,9201720.0,9361.0,18488.0,2020-12-09 04:25:37,1.0
Richard Jewell,2019.0,3.0,0.0,3513548.0,9399.0,18547.0,2020-12-20 23:36:09,1.0
My Hero Academia: Heroes Rising,2019.0,3.0,0.0,11107074.0,9409.0,18564.0,2020-12-27 21:00:30,1.0
Maria,2019.0,3.0,0.0,7594584.0,9414.0,18571.0,2020-12-27 23:44:20,1.0
47 Meters Down: Uncaged,2019.0,3.0,0.0,7329656.0,9427.0,18611.0,2021-01-17 12:13:43,1.0
Sound of Metal,2019.0,1.0,0.0,5363618.0,9448.0,18634.0,2021-01-21 09:10:28,1.0
"Assistant, The",2019.0,3.0,0.0,9000224.0,9460.0,18653.0,2021-01-31 09:22:11,1.0
"Peanut Butter Falcon, The",2019.0,1.0,0.0,4364194.0,9464.0,18659.0,2021-02-02 22:36:04,1.0
"Personal History of David Copperfield, The",2019.0,3.0,0.0,6439020.0,9477.0,18682.0,2021-02-14 19:11:57,1.0
Good Kisser,2019.0,3.0,0.0,9602378.0,9479.0,18687.0,2021-02-16 18:33:17,1.0
Fahim,2019.0,1.0,0.0,4693588.0,9494.0,18721.0,2021-02-25 07:11:10,1.0
"Final Level: Escaping Rancala, The",2019.0,3.0,0.0,11334312.0,9507.0,18746.0,2021-03-07 17:27:04,1.0
In the Shadow of the Moon,2019.0,1.0,0.0,8110640.0,9497.0,18734.0,2021-02-27 22:50:08,1.0
After the Wedding,2019.0,3.0,0.0,7985692.0,9502.0,18740.0,2021-03-03 18:22:46,1.0
Quebramar,2019.0,3.0,0.0,11621206.0,9512.0,18755.0,2021-03-10 19:58:05,1.0
Saga of Tanya the Evil - The Movie,2019.0,3.0,1.0,9507276.0,9573.0,18829.0,2021-03-18 17:02:36,1.0
Men in Black: International,2019.0,3.0,0.0,2283336.0,9592.0,18866.0,2021-03-29 00:43:00,1.0
How to Train Your Dragon: The Hidden World,2019.0,3.0,0.0,2386490.0,9624.0,18905.0,2021-04-04 22:38:22,1.0
Code 8,2019.0,1.0,0.0,6259380.0,9637.0,18920.0,2021-04-10 01:09:16,1.0
Papicha,2019.0,3.0,0.0,9522080.0,9660.0,18962.0,2021-04-19 18:16:55,1.0
Lucky Grandma,2019.0,3.0,0.0,10011336.0,9677.0,18985.0,2021-04-24 17:41:30,1.0
Pokemon: Mewtwo Strikes Back - Evolution,2019.0,3.0,0.0,8856470.0,9711.0,19025.0,2021-04-27 21:17:40,1.0
A Call to Spy,2019.0,3.0,0.0,7698468.0,9765.0,19083.0,2021-04-30 23:14:27,1.0
Stray,2019.0,3.0,0.0,6294226.0,9788.0,19114.0,2021-05-05 08:43:52,1.0
"Highwaymen, The",2019.0,1.0,0.0,1860242.0,9862.0,19232.0,2021-06-01 07:09:17,1.0
"Souvenir, The",2019.0,3.0,0.0,6920356.0,9875.0,19252.0,2021-06-06 22:28:51,1.0
Performaniax,2019.0,3.0,0.0,8892756.0,9970.0,19381.0,2021-07-15 15:18:50,1.0
Horrible Histories: The Movie - Rotten Romans,2019.0,3.0,0.0,7715070.0,9988.0,19410.0,2021-07-29 10:28:09,1.0
Angel Has Fallen,2019.0,1.0,0.0,6189022.0,10000.0,19431.0,2021-08-06 20:37:58,1.0
Les Parfums,2019.0,3.0,0.0,11748354.0,10003.0,19434.0,2021-08-08 12:05:37,1.0
Carmilla,2019.0,3.0,0.0,7280218.0,10007.0,19439.0,2021-08-09 12:11:17,1.0
Blood Machines,2019.0,3.0,1.0,6197070.0,10016.0,19483.0,2021-08-23 08:09:17,1.0
Katharine Hepburn,2019.0,3.0,0.0,15324860.0,10025.0,19496.0,2021-08-29 19:36:37,1.0
,,,,,,,,
Kim Ji-young: Born 198,2019.0,3.0,0.0,11052808.0,10073.0,19580.0,2021-10-02 18:39:49,1.0
White Snake,2019.0,3.0,0.0,9288776.0,10080.0,19600.0,2021-10-10 22:43:57,1.0
"Cat and the Moon, The",2019.0,1.0,0.0,5360232.0,10096.0,19632.0,2021-10-22 04:36:39,1.0
Marighella,2019.0,3.0,0.0,7825208.0,10143.0,19722.0,2021-11-27 16:11:07,1.0
Bombshell,2019.0,3.0,0.0,6394270.0,10154.0,19738.0,2021-12-07 18:54:38,1.0
Judy,2019.0,3.0,0.0,7549996.0,10207.0,19863.0,2022-01-25 14:38:33,1.0
Sister Aimee,2019.0,3.0,0.0,8456696.0,10218.0,19881.0,2022-02-02 06:42:58,1.0
Robowoman,2019.0,3.0,0.0,8375936.0,10236.0,19916.0,2022-02-22 06:21:33,1.0
"Best of Enemies, The",2019.0,3.0,0.0,4807408.0,10240.0,19924.0,2022-02-26 23:44:09,1.0
Once Were Brothers: Robbie Robertson and the Band,2019.0,0.0,0.0,10334456.0,10244.0,19942.0,2022-03-07 15:21:16,1.0
Saint Maud,2019.0,3.0,0.0,7557108.0,10260.0,19965.0,2022-03-18 19:09:32,1.0
Batman: Hush,2019.0,3.0,0.0,8752440.0,10296.0,20021.0,2022-04-15 18:16:48,1.0
Promare,2019.0,3.0,0.0,9116358.0,10320.0,20088.0,2022-05-11 03:46:14,1.0
Aspromonte: Land of the Forgotten,2019.0,1.0,0.0,9146058.0,10321.0,20093.0,2022-05-15 12:31:54,1.0
Lunana: A Yak in the Classroom,2019.0,1.0,0.0,10189300.0,10322.0,20094.0,2022-05-15 12:36:55,1.0
Reign of the Supermen,2019.0,1.0,0.0,7167686.0,10393.0,20269.0,2022-07-07 18:12:26,1.0
Deliciosa Fruta Seca,2019.0,3.0,0.0,7201830.0,10411.0,20297.0,2022-07-20 14:54:54,1.0
Let It Snow,2019.0,1.0,1.0,1950235.0,10416.0,20303.0,2022-07-23 09:40:42,1.0
"Good Liar, The",2019.0,3.0,0.0,5563334.0,10424.0,20316.0,2022-07-27 13:09:13,1.0
"Haunting of Sharon Tate, The",2019.0,3.0,0.0,7976208.0,10452.0,20371.0,2022-08-27 03:15:48,1.0
Invader Zim: Enter the Florpus,2019.0,0.0,0.0,6739094.0,10460.0,20381.0,2022-09-01 14:38:15,1.0
Ghost Tropic,2019.0,3.0,0.0,10244760.0,10472.0,20398.0,2022-09-10 21:06:57,1.0
6 Underground,2019.0,3.0,0.0,8106534.0,10649.0,20675.0,2022-12-05 01:23:40,1.0
&amp;#24179;&amp;#23433;  or HEIAN,2019.0,3.0,0.0,11106266.0,10628.0,20633.0,2022-11-23 11:38:40,1.0
"Legend of 5 Mile Cave, The",2019.0,1.0,0.0,9021234.0,10757.0,20929.0,2023-02-18 09:10:50,1.0
Noelle,2019.0,3.0,0.0,5097410.0,10677.0,20733.0,2022-12-25 15:52:23,1.0
Ek Ladki Ko Dekha Toh Aisa Laga,2019.0,3.0,0.0,8108164.0,10708.0,20811.0,2023-01-15 16:00:30,1.0
A tale of three sisters (K&amp;#305;z karde&amp;#351;ler),2019.0,3.0,0.0,9418878.0,10710.0,20814.0,2023-01-16 04:29:44,1.0
Yummy,2019.0,3.0,0.0,11054164.0,10767.0,20944.0,2023-02-22 11:18:22,1.0
Blood Vessel,2019.0,3.0,1.0,8009938.0,10768.0,20945.0,2023-02-22 11:24:04,1.0
"Mortuary Collection, The",2019.0,1.0,0.0,7781432.0,10770.0,20947.0,2023-02-22 11:35:23,1.0
Glass,2019.0,2.0,0.0,6823368.0,10822.0,21047.0,2023-03-22 18:55:13,1.0
"Unlisted, The",2019.0,3.0,0.0,9184592.0,10846.0,21102.0,2023-04-12 21:45:34,1.0
Wayne,2019.0,3.0,1.0,7765404.0,10861.0,21138.0,2023-04-29 18:54:48,1.0
Batman vs Teenage Mutant Ninja Turtles,2019.0,3.0,1.0,9775360.0,10942.0,21299.0,2023-07-04 06:00:52,1.0
Ascendance of a Bookworm,2019.0,3.0,0.0,10885406.0,10945.0,21307.0,2023-07-08 03:45:16,1.0
Haunt,2019.0,3.0,0.0,6535880.0,11000.0,21449.0,2023-09-06 12:52:39,1.0
Escape Room,2019.0,3.0,0.0,5886046.0,11003.0,21452.0,2023-09-06 16:35:19,1.0
A Nasty Piece of Work,2019.0,3.0,0.0,11136630.0,11004.0,21453.0,2023-09-06 16:47:34,1.0
Soul,2020.0,3.0,0.0,2948372.0,9508.0,18747.0,2021-03-07 20:59:18,1.0
"Marijuana Conspiracy , The",2020.0,3.0,0.0,8461042.0,8859.0,17361.0,2019-09-24 19:53:51,1.0
Like a Boss,2020.0,3.0,0.0,7545266.0,8964.0,17557.0,2020-01-15 06:50:26,1.0
Honey Boy,2020.0,0.0,0.0,8151874.0,8965.0,17564.0,2020-01-17 15:08:59,1.0
"Rhythm Section, The",2020.0,2.0,0.0,7134096.0,8994.0,17609.0,2020-01-29 19:51:04,1.0
"Turning, The",2020.0,3.0,0.0,7510346.0,9003.0,17695.0,2020-02-06 16:50:54,1.0
Birds of Prey,2020.0,3.0,0.0,7713068.0,9008.0,17704.0,2020-02-09 09:17:49,1.0
Platzspitzbaby,2020.0,3.0,0.0,9737798.0,9009.0,17705.0,2020-02-09 12:42:52,1.0
Horse Girl,2020.0,3.0,0.0,11388406.0,9013.0,17719.0,2020-02-16 05:41:12,1.0
Sonic the Hedgehog,2020.0,3.0,0.0,3794354.0,9014.0,17724.0,2020-02-17 15:08:37,1.0
Minari,2020.0,3.0,0.0,10633456.0,9017.0,17733.0,2020-02-21 04:32:02,1.0
Living Aims,2020.0,2.0,0.0,10752062.0,9021.0,17747.0,2020-02-28 05:41:16,1.0
"Veil, The",2020.0,3.0,0.0,11895476.0,9031.0,17770.0,2020-03-09 05:52:57,1.0
Onward,2020.0,3.0,0.0,7146812.0,9034.0,17775.0,2020-03-10 14:18:54,1.0
All the Bright Places,2020.0,3.0,0.0,3907584.0,9036.0,17778.0,2020-03-11 19:41:26,1.0
Lost Girls,2020.0,3.0,0.0,3111426.0,9037.0,17783.0,2020-03-15 20:03:09,1.0
Zombies 2,2020.0,3.0,0.0,9766166.0,9039.0,17785.0,2020-03-16 21:00:46,1.0
"Invisible Man, The",2020.0,3.0,0.0,1051906.0,9045.0,17794.0,2020-03-22 00:32:18,1.0
Emma.,2020.0,3.0,0.0,9214832.0,9058.0,17813.0,2020-03-29 18:01:44,1.0
Bad Boys For Life,2020.0,2.0,0.0,1502397.0,9071.0,17840.0,2020-04-08 16:58:25,1.0
Blow the Man Down,2020.0,3.0,0.0,8299768.0,9079.0,17860.0,2020-04-13 23:42:55,1.0
Stargirl,2020.0,3.0,0.0,4858674.0,9085.0,17877.0,2020-04-19 05:17:03,1.0
Trolls World Tour,2020.0,3.0,0.0,6587640.0,9087.0,17882.0,2020-04-21 23:45:16,1.0
My Spy,2020.0,3.0,0.0,8242084.0,9096.0,17922.0,2020-04-28 04:37:20,1.0
Extraction,2020.0,3.0,0.0,8936646.0,9118.0,17979.0,2020-05-05 23:49:13,1.0
"Half of It, The",2020.0,3.0,0.0,9683478.0,9126.0,17992.0,2020-05-10 17:57:19,1.0
"Methodists, The",2020.0,3.0,0.0,12261880.0,9135.0,18004.0,2020-05-13 12:17:30,1.0
18 Presents,2020.0,3.0,0.0,10816484.0,9136.0,18005.0,2020-05-14 08:33:00,1.0
Scoob,2020.0,3.0,0.0,3152592.0,9138.0,18009.0,2020-05-18 05:00:36,1.0
Shirley,2020.0,3.0,0.0,8430598.0,9164.0,18071.0,2020-06-08 20:51:54,1.0
"last days of american crime, The",2020.0,0.0,0.0,1552211.0,9165.0,18074.0,2020-06-10 12:17:13,1.0
"High Note, The",2020.0,3.0,0.0,9308382.0,9172.0,18090.0,2020-06-17 06:30:22,1.0
"Hunt, The",2020.0,3.0,0.0,8244784.0,9179.0,18108.0,2020-06-22 10:42:38,1.0
Never Rarely Sometimes Always,2020.0,3.0,0.0,7772582.0,9195.0,18145.0,2020-07-08 19:59:38,1.0
Palm Springs,2020.0,3.0,0.0,9484998.0,9197.0,18150.0,2020-07-10 16:22:46,1.0
"Old Guard, The",2020.0,3.0,0.0,7556122.0,9199.0,18152.0,2020-07-10 18:01:33,1.0
Greyhound,2020.0,0.0,0.0,6048922.0,9200.0,18153.0,2020-07-12 04:00:19,1.0
Tout simplement noir,2020.0,1.0,0.0,10426916.0,9201.0,18155.0,2020-07-13 08:31:31,1.0
Artemis Fowl,2020.0,3.0,0.0,3089630.0,9208.0,18169.0,2020-07-20 00:33:54,1.0
Legacy of Lies,2020.0,3.0,0.0,6834916.0,9224.0,18215.0,2020-08-05 16:25:33,1.0
Hamilton,2020.0,3.0,0.0,8503618.0,9225.0,18217.0,2020-08-06 00:09:36,1.0
Underwater,2020.0,3.0,0.0,5774060.0,9233.0,18236.0,2020-08-12 05:39:01,1.0
Work It,2020.0,3.0,0.0,10276470.0,9234.0,18239.0,2020-08-13 10:38:40,1.0
Tenet,2020.0,1.0,0.0,6723592.0,9252.0,18281.0,2020-08-30 14:29:45,1.0
Bill &amp; Ted Face the Music,2020.0,3.0,0.0,1086064.0,9255.0,18285.0,2020-09-01 04:26:38,1.0
Mulan,2020.0,3.0,0.0,4566758.0,9265.0,18300.0,2020-09-05 06:23:57,1.0
Wolfwalkers,2020.0,3.0,1.0,5198068.0,9367.0,18499.0,2020-12-12 01:31:55,1.0
Phineas and Ferb the Movie: Candace Against the Universe,2020.0,3.0,0.0,1817232.0,9271.0,18311.0,2020-09-14 00:07:48,1.0
Sputnik,2020.0,0.0,0.0,11905962.0,9281.0,18333.0,2020-09-24 06:10:21,1.0
Enola Holmes,2020.0,3.0,0.0,7846844.0,9283.0,18338.0,2020-09-26 06:46:57,1.0
"New Mutants, The",2020.0,3.0,0.0,4682266.0,9284.0,18339.0,2020-09-26 14:35:01,1.0
"King of Staten Island, The",2020.0,3.0,0.0,9686708.0,9285.0,18340.0,2020-09-27 14:58:44,1.0
Unhinged,2020.0,3.0,0.0,10059518.0,9921.0,19319.0,2021-07-01 11:15:27,1.0
Eurovision Song Contest: The Story of Fire Saga,2020.0,3.0,1.0,8580274.0,9295.0,18360.0,2020-10-07 21:36:14,1.0
Druk,2020.0,1.0,0.0,10288566.0,9305.0,18374.0,2020-10-12 16:19:06,1.0
Summerland,2020.0,1.0,0.0,6841122.0,9310.0,18381.0,2020-10-16 19:26:42,1.0
"Trial of the Chicago 7, The",2020.0,1.0,0.0,1070874.0,9313.0,18389.0,2020-10-22 20:58:54,1.0
Bad Hair,2020.0,3.0,0.0,4798836.0,9317.0,18402.0,2020-10-28 16:34:20,1.0
Scare Me,2020.0,1.0,0.0,10126434.0,9318.0,18406.0,2020-11-02 00:49:32,1.0
Over the Moon,2020.0,3.0,0.0,7488208.0,9320.0,18409.0,2020-11-04 15:51:17,1.0
"Stunt Double, The",2020.0,1.0,0.0,12841698.0,9335.0,18438.0,2020-11-20 10:25:45,1.0
"Call, The",2020.0,3.0,0.0,10530176.0,9362.0,18491.0,2020-12-10 10:59:47,1.0
Freaky,2020.0,3.0,0.0,10919380.0,9341.0,18451.0,2020-11-28 01:54:12,1.0
Jiu Jitsu,2020.0,1.0,0.0,9624766.0,9342.0,18452.0,2020-11-28 04:13:28,1.0
Ludo,2020.0,3.0,1.0,7212754.0,9345.0,18456.0,2020-11-29 00:26:24,1.0
"Witches, The",2020.0,2.0,1.0,805647.0,9347.0,18459.0,2020-11-30 16:34:48,1.0
Santana,2020.0,1.0,0.0,11769162.0,9353.0,18473.0,2020-12-04 23:10:35,1.0
Godmothered,2020.0,3.0,0.0,11681250.0,9354.0,18474.0,2020-12-05 01:59:02,1.0
Mariah Carey&#39;s Magical Christmas Special,2020.0,3.0,0.0,13017992.0,9355.0,18477.0,2020-12-05 11:08:07,1.0
Fantasy Island,2020.0,3.0,0.0,983946.0,9358.0,18480.0,2020-12-06 01:03:26,1.0
Host,2020.0,3.0,0.0,12749596.0,9360.0,18485.0,2020-12-08 01:03:01,1.0
Relic,2020.0,3.0,0.0,9072352.0,9391.0,18537.0,2020-12-15 18:09:45,1.0
"Prom, The",2020.0,3.0,0.0,10161886.0,9393.0,18539.0,2020-12-16 18:37:17,1.0
Happiest Season,2020.0,3.0,0.0,8522006.0,9395.0,18541.0,2020-12-17 20:27:34,1.0
Gretel &amp; Hansel,2020.0,3.0,0.0,9086228.0,9397.0,18544.0,2020-12-19 07:30:08,1.0
"Croods: A New Age, The",2020.0,3.0,0.0,2850386.0,9402.0,18550.0,2020-12-22 20:45:27,1.0
"Midnight Sky, The",2020.0,3.0,0.0,10539608.0,9403.0,18553.0,2020-12-23 22:35:05,1.0
Wonder Woman 1984,2020.0,3.0,0.0,7126948.0,9405.0,18555.0,2020-12-26 02:04:50,1.0
Borat Subsequent Moviefilm,2020.0,3.0,1.0,13143964.0,9413.0,18569.0,2020-12-27 23:16:35,1.0
Superintelligence,2020.0,3.0,0.0,7178640.0,9421.0,18585.0,2020-12-30 23:55:22,1.0
Herself,2020.0,3.0,0.0,9902160.0,9452.0,18639.0,2021-01-23 12:38:11,1.0
News of the World,2020.0,3.0,0.0,6878306.0,9449.0,18635.0,2021-01-21 23:17:22,1.0
Run Hide Fight,2020.0,3.0,0.0,11456054.0,9444.0,18630.0,2021-01-21 01:50:30,1.0
Pieces of a Woman,2020.0,3.0,0.0,11161474.0,9438.0,18623.0,2021-01-18 19:55:42,1.0
I&#39;m Your Woman,2020.0,3.0,0.0,10243992.0,9437.0,18622.0,2021-01-18 19:52:43,1.0
Unpregnant,2020.0,3.0,0.0,10556022.0,9456.0,18649.0,2021-01-28 18:32:43,1.0
Cadaver,2020.0,3.0,0.0,11284280.0,9458.0,18651.0,2021-01-30 04:32:29,1.0
Train to Busan Presents: Peninsula,2020.0,3.0,0.0,8850222.0,9461.0,18655.0,2021-02-01 19:53:46,1.0
Mank,2020.0,1.0,0.0,10618286.0,9467.0,18663.0,2021-02-04 05:39:45,1.0
Breach,2020.0,1.0,0.0,9820556.0,9470.0,18666.0,2021-02-06 06:45:08,1.0
Run,2020.0,3.0,1.0,8633478.0,9474.0,18675.0,2021-02-11 22:24:36,1.0
Ma Rainey&#39;s Black Bottom,2020.0,3.0,0.0,10514222.0,9475.0,18676.0,2021-02-12 03:36:33,1.0
Nomadland,2020.0,3.0,0.0,9770150.0,9482.0,18694.0,2021-02-18 13:00:44,1.0
Promising Young Woman,2020.0,3.0,1.0,9620292.0,9483.0,18698.0,2021-02-18 21:04:52,1.0
Ammonite,2020.0,3.0,0.0,7983894.0,9490.0,18710.0,2021-02-22 12:11:18,1.0
I Care a Lot,2020.0,3.0,1.0,9893250.0,9491.0,18711.0,2021-02-23 18:45:31,1.0
"Lost Husband, The",2020.0,3.0,0.0,4257940.0,9492.0,18717.0,2021-02-24 01:18:41,1.0
Infamous,2020.0,3.0,0.0,7703924.0,9493.0,18720.0,2021-02-25 02:37:02,1.0
Monster Hunter,2020.0,3.0,0.0,6475714.0,9496.0,18731.0,2021-02-27 03:15:43,1.0
Penguin Bloom,2020.0,3.0,0.0,6317656.0,9499.0,18737.0,2021-02-28 13:27:44,1.0
Deep Blue Sea 3,2020.0,1.0,0.0,11946300.0,9543.0,18791.0,2021-03-14 17:48:15,1.0
"Courier, The",2020.0,3.0,1.0,8368512.0,9606.0,18885.0,2021-04-03 02:56:15,1.0
Malmkrog,2020.0,3.0,0.0,10213380.0,9608.0,18888.0,2021-04-03 09:02:57,1.0
Slaxx,2020.0,3.0,0.0,9741310.0,9640.0,18924.0,2021-04-10 20:09:53,1.0
How to Be a Good Wife,2020.0,3.0,0.0,10441958.0,9658.0,18960.0,2021-04-19 06:30:05,1.0
Love and Monsters,2020.0,2.0,0.0,2222042.0,9661.0,18964.0,2021-04-19 23:51:55,1.0
From Stress to Happiness,2020.0,1.0,0.0,13079086.0,9669.0,18973.0,2021-04-22 00:08:11,1.0
Misbehaviour,2020.0,3.0,1.0,9148706.0,9716.0,19030.0,2021-04-29 05:46:54,1.0
Summer of 85,2020.0,1.0,0.0,10457128.0,9717.0,19031.0,2021-04-29 06:26:19,1.0
"Retreat, The",2020.0,0.0,0.0,12198524.0,9786.0,19107.0,2021-05-02 23:43:40,1.0
Breath,2020.0,0.0,0.0,11771622.0,9789.0,19115.0,2021-05-05 12:38:22,1.0
Shadow in the Cloud,2020.0,0.0,0.0,9691136.0,9835.0,19181.0,2021-05-16 13:40:00,1.0
Holidate,2020.0,3.0,0.0,9866072.0,9839.0,19186.0,2021-05-18 12:41:00,1.0
My Salinger Year,2020.0,3.0,0.0,2222052.0,9893.0,19277.0,2021-06-15 00:04:17,1.0
Friend of the World,2020.0,3.0,0.0,6074542.0,10040.0,19525.0,2021-09-07 19:19:51,1.0
one night in san diego,2020.0,2.0,0.0,9765226.0,10038.0,19520.0,2021-09-06 20:11:22,1.0
One Night in Miami...,2020.0,2.0,0.0,10612922.0,9925.0,19327.0,2021-07-04 12:38:26,1.0
Normal People,2020.0,3.0,1.0,9059760.0,9915.0,19306.0,2021-06-23 00:32:41,1.0
A Quiet Place Part II,2020.0,3.0,1.0,8332922.0,9918.0,19315.0,2021-06-27 19:46:38,1.0
To All the Boys: P.S. I Still Love You,2020.0,3.0,0.0,9354842.0,9972.0,19385.0,2021-07-16 01:05:02,1.0
Mainstream,2020.0,3.0,0.0,9224288.0,9987.0,19409.0,2021-07-29 04:42:40,1.0
"Evil Next Door, The",2020.0,3.0,1.0,11320192.0,10005.0,19436.0,2021-08-09 12:00:49,1.0
Motherland: Fort Salem,2020.0,3.0,0.0,9900092.0,10010.0,19473.0,2021-08-14 21:52:41,1.0
An American Pickle,2020.0,1.0,0.0,9059704.0,10028.0,19499.0,2021-08-30 03:01:10,1.0
You Will Never Be Back,2020.0,3.0,0.0,13266132.0,10063.0,19560.0,2021-09-19 21:36:48,1.0
Iskioma,2020.0,0.0,0.0,13152234.0,10064.0,19561.0,2021-09-20 02:23:18,1.0
Jiang Ziya: Legend of Deification,2020.0,2.0,0.0,11177804.0,10066.0,19565.0,2021-09-22 02:29:08,1.0
Geenland,2020.0,3.0,0.0,7737786.0,10070.0,19574.0,2021-09-30 19:14:14,1.0
"Craft: Legacy, The",2020.0,3.0,0.0,4685762.0,10072.0,19579.0,2021-10-02 18:33:25,1.0
"world to come, The",2020.0,3.0,0.0,9738716.0,10127.0,19695.0,2021-11-14 20:18:35,1.0
I&#39;m Thinking of Ending Things,2020.0,0.0,1.0,7939766.0,10140.0,19714.0,2021-11-24 13:54:24,1.0
Dolittle,2020.0,3.0,0.0,6673612.0,10176.0,19800.0,2022-01-01 03:21:51,1.0
Save Yourselves!,2020.0,3.0,1.0,7873348.0,10182.0,19813.0,2022-01-06 08:03:31,1.0
Demon Slayer: Mugen Train,2020.0,0.0,1.0,11032374.0,10194.0,19836.0,2022-01-12 04:30:32,1.0
Silver Skates,2020.0,2.0,0.0,10525672.0,10211.0,19867.0,2022-01-26 16:50:16,1.0
"Woman Who Ran, The",2020.0,3.0,0.0,11697690.0,10212.0,19869.0,2022-01-27 07:42:06,1.0
Antebellum,2020.0,3.0,0.0,10065694.0,10215.0,19875.0,2022-01-31 00:02:55,1.0
French Exit,2020.0,3.0,0.0,10279362.0,10232.0,19910.0,2022-02-18 21:01:36,1.0
Golden Arm,2020.0,3.0,0.0,9572534.0,10267.0,19976.0,2022-03-25 18:27:23,1.0
Ava,2020.0,2.0,0.0,8784956.0,10269.0,19978.0,2022-03-27 05:08:14,1.0
June Again,2020.0,1.0,0.0,9729768.0,10276.0,19990.0,2022-04-01 22:11:33,1.0
We Can Be Heroes,2020.0,3.0,0.0,10600398.0,10293.0,20016.0,2022-04-13 15:19:51,1.0
Justice League Dark: Apokolips War,2020.0,3.0,0.0,11079148.0,10294.0,20019.0,2022-04-14 09:23:20,1.0
Tove,2020.0,3.0,1.0,11007444.0,10324.0,20105.0,2022-05-18 17:09:24,1.0
"Happy Halloween, Scooby-Doo!",2020.0,3.0,0.0,12838958.0,10330.0,20125.0,2022-05-27 12:15:37,1.0
His House,2020.0,3.0,0.0,8508734.0,10388.0,20260.0,2022-07-06 12:45:07,1.0
"Banker, The",2020.0,1.0,0.0,6285944.0,10642.0,20653.0,2022-11-29 19:21:21,1.0
Boss Level,2020.0,2.0,0.0,7638348.0,10407.0,20291.0,2022-07-16 17:43:46,1.0
Swimming for Gold,2020.0,1.0,0.0,10782876.0,10418.0,20308.0,2022-07-23 12:39:02,1.0
Spree,2020.0,3.0,0.0,11394332.0,10425.0,20317.0,2022-07-28 03:35:24,1.0
Kajillionaire,2020.0,3.0,0.0,8143990.0,10437.0,20341.0,2022-08-08 21:33:43,1.0
After Love,2020.0,3.0,0.0,10692788.0,10455.0,20374.0,2022-08-29 08:25:19,1.0
"Island of Lies, The",2020.0,3.0,0.0,9843470.0,10483.0,20414.0,2022-09-19 20:30:07,1.0
Emily in Paris,2020.0,2.0,1.0,8962124.0,10560.0,20521.0,2022-10-18 02:29:59,1.0
Limbo,2020.0,0.0,0.0,9138170.0,10740.0,20898.0,2023-02-09 06:29:34,1.0
Four Good Days,2020.0,3.0,0.0,10344522.0,10758.0,20932.0,2023-02-19 21:27:51,1.0
Scare Package,2020.0,3.0,0.0,7521214.0,10769.0,20946.0,2023-02-22 11:30:38,1.0
ADN,2020.0,3.0,0.0,7600716.0,10933.0,21254.0,2023-06-17 17:00:31,1.0
Sweet Home,2020.0,1.0,0.0,11612120.0,10858.0,21129.0,2023-04-27 15:43:05,1.0
Woodland,2020.0,1.0,0.0,4569374.0,10910.0,21201.0,2023-05-11 18:42:16,1.0
Zola,2020.0,3.0,0.0,5439812.0,10927.0,21242.0,2023-05-30 03:21:42,1.0
Miss Juneteenth,2020.0,3.0,0.0,11394158.0,10962.0,21341.0,2023-07-24 18:58:40,1.0
Murder Bury Win,2020.0,0.0,0.0,8592498.0,11001.0,21450.0,2023-09-06 16:17:42,1.0
"Rental, The",2020.0,3.0,0.0,10003008.0,11005.0,21454.0,2023-09-06 16:58:05,1.0
"Tomorrow War, The",2021.0,2.0,0.0,9777666.0,9962.0,19372.0,2021-07-11 11:57:59,1.0
Finding &#39;Ohana,2021.0,3.0,0.0,10332588.0,9473.0,18671.0,2021-02-09 16:26:32,1.0
"Dry, The",2021.0,3.0,1.0,5144174.0,9498.0,18736.0,2021-02-28 13:24:43,1.0
High Ground,2021.0,2.0,1.0,9286908.0,9500.0,18738.0,2021-02-28 13:33:13,1.0
Raya and the Last Dragon,2021.0,3.0,0.0,5109280.0,9504.0,18743.0,2021-03-06 11:57:20,1.0
Sweetheart,2021.0,3.0,0.0,10919362.0,9505.0,18744.0,2021-03-06 16:10:45,1.0
Judas and The Black Messiah,2021.0,2.0,0.0,9784798.0,9513.0,18756.0,2021-03-11 03:52:35,1.0
Coming 2 America,2021.0,3.0,0.0,6802400.0,9519.0,18765.0,2021-03-13 16:59:02,1.0
Moxie,2021.0,3.0,0.0,6432466.0,9526.0,18773.0,2021-03-14 13:47:38,1.0
Cherry,2021.0,0.0,0.0,9130508.0,9571.0,18823.0,2021-03-18 05:52:02,1.0
Sentinelle,2021.0,3.0,0.0,11734264.0,9574.0,18832.0,2021-03-19 14:26:33,1.0
Zack Snyder&#39;s Justice League,2021.0,3.0,0.0,12361974.0,9575.0,18834.0,2021-03-19 18:19:50,1.0
"United States vs. Billie Holiday, The",2021.0,3.0,0.0,8521718.0,9599.0,18873.0,2021-03-29 08:31:09,1.0
Willy&#39;s Wonderland,2021.0,3.0,0.0,8114980.0,9604.0,18883.0,2021-04-03 02:50:51,1.0
"Mauritanian, The",2021.0,3.0,1.0,4761112.0,9612.0,18893.0,2021-04-03 17:52:33,1.0
Nobody,2021.0,1.0,0.0,7888964.0,9633.0,18916.0,2021-04-09 10:26:50,1.0
Thunder Force,2021.0,3.0,0.0,10121392.0,9635.0,18918.0,2021-04-09 19:05:20,1.0
Cousins,2021.0,3.0,0.0,10483044.0,9647.0,18936.0,2021-04-11 23:06:28,1.0
Ajeeb Daastaans,2021.0,3.0,0.0,14091818.0,9667.0,18971.0,2021-04-21 22:26:13,1.0
Stowaway,2021.0,3.0,0.0,9203694.0,9670.0,18975.0,2021-04-22 21:12:28,1.0
Mortal Kombat,2021.0,2.0,0.0,293429.0,9682.0,18995.0,2021-04-26 20:46:43,1.0
Barb and Star Go to Vista Del Mar,2021.0,3.0,0.0,3797512.0,9713.0,19027.0,2021-04-28 18:40:18,1.0
"Mitchells vs the Machines, The",2021.0,3.0,0.0,7979580.0,9799.0,19135.0,2021-05-08 23:08:09,1.0
Us Again,2021.0,0.0,0.0,14062858.0,9801.0,19140.0,2021-05-09 23:44:35,1.0
Radhe,2021.0,0.0,0.0,10888594.0,9817.0,19163.0,2021-05-13 09:37:50,1.0
Oxygen,2021.0,3.0,0.0,6341832.0,9827.0,19173.0,2021-05-14 08:26:33,1.0
Without Remorse,2021.0,1.0,0.0,499097.0,9830.0,19176.0,2021-05-15 22:33:56,1.0
Black Widow,2021.0,3.0,0.0,3480822.0,9953.0,19362.0,2021-07-09 20:56:17,1.0
Inside,2021.0,0.0,0.0,14544192.0,9954.0,19364.0,2021-07-10 20:05:13,1.0
Cruella,2021.0,3.0,0.0,3228774.0,9861.0,19231.0,2021-06-01 03:16:58,1.0
"Kissing Booth 3, The",2021.0,3.0,0.0,12783454.0,10050.0,19542.0,2021-09-15 19:27:10,1.0
Malignant,2021.0,3.0,0.0,3811906.0,10048.0,19540.0,2021-09-13 15:22:45,1.0
"Eyes of Tammy Faye, The",2021.0,3.0,0.0,9115530.0,10047.0,19539.0,2021-09-13 14:42:51,1.0
Spiral: From the Book of Saw,2021.0,3.0,0.0,10342730.0,9882.0,19263.0,2021-06-09 03:13:15,1.0
Afterlife of the Party,2021.0,3.0,0.0,11742798.0,10046.0,19538.0,2021-09-13 02:56:54,1.0
Escape Room: Tournament of Champions,2021.0,3.0,0.0,9844522.0,10043.0,19531.0,2021-09-10 20:18:24,1.0
In the Heights,2021.0,3.0,0.0,1321510.0,9889.0,19271.0,2021-06-12 07:06:00,1.0
Shang-Chi and the legend of the ten rings,2021.0,3.0,1.0,9376612.0,10037.0,19516.0,2021-09-06 00:55:05,1.0
Cinderella,2021.0,3.0,1.0,10155932.0,10036.0,19515.0,2021-09-05 18:51:24,1.0
America: The Motion Picture,2021.0,3.0,1.0,6733874.0,9924.0,19325.0,2021-07-02 21:22:53,1.0
Fatherhood,2021.0,3.0,0.0,4733624.0,9913.0,19304.0,2021-06-21 02:48:33,1.0
"Conjuring: The Devil Made Me Do It, The",2021.0,1.0,0.0,7069210.0,9914.0,19305.0,2021-06-22 16:27:39,1.0
F9 - The Fast Saga,2021.0,3.0,0.0,5433138.0,9917.0,19310.0,2021-06-27 02:30:15,1.0
Fear Street: Part One - 1994,2021.0,3.0,0.0,6566576.0,9963.0,19373.0,2021-07-13 02:39:02,1.0
Luca,2021.0,1.0,1.0,12801262.0,9964.0,19374.0,2021-07-13 18:04:13,1.0
Fear Street: Part Two - 1978,2021.0,3.0,0.0,9701940.0,9965.0,19375.0,2021-07-13 22:29:01,1.0
Plan B,2021.0,3.0,0.0,13172796.0,9967.0,19378.0,2021-07-15 14:53:09,1.0
To All the Boys: Always and Forever,2021.0,3.0,0.0,10676012.0,9971.0,19382.0,2021-07-16 00:58:40,1.0
Space Jam: A New Legacy,2021.0,3.0,0.0,3554046.0,9973.0,19387.0,2021-07-17 02:29:14,1.0
Sweet Girl,2021.0,3.0,0.0,10731768.0,10033.0,19511.0,2021-09-04 07:20:28,1.0
Old,2021.0,3.0,0.0,10954652.0,9983.0,19405.0,2021-07-26 07:55:53,1.0
"Hitman&#39;s Wife&#39;s Bodyguard, The",2021.0,0.0,0.0,8385148.0,9984.0,19406.0,2021-07-26 09:01:45,1.0
Jungle Cruise,2021.0,3.0,1.0,870154.0,9996.0,19422.0,2021-08-04 08:47:20,1.0
Gunpowder Milkshake,2021.0,3.0,0.0,8368408.0,9997.0,19425.0,2021-08-05 21:42:12,1.0
Pig,2021.0,0.0,0.0,11003218.0,9998.0,19426.0,2021-08-06 00:00:19,1.0
Secret Agent Dingledorf and His Trusty Dog Splat,2021.0,1.0,0.0,10355058.0,9999.0,19427.0,2021-08-06 00:03:05,1.0
Those Who Wish Me Dead,2021.0,1.0,0.0,3215824.0,10002.0,19433.0,2021-08-08 02:27:42,1.0
"Suicide Squad, The",2021.0,3.0,0.0,6334354.0,10004.0,19435.0,2021-08-08 22:16:55,1.0
Fear Street: Part Three - 1666,2021.0,3.0,0.0,9701942.0,10006.0,19437.0,2021-08-09 12:06:09,1.0
Titane,2021.0,2.0,0.0,10944760.0,10008.0,19467.0,2021-08-10 14:04:14,1.0
"Marksman, The",2021.0,2.0,0.0,6902332.0,10009.0,19470.0,2021-08-13 16:26:34,1.0
Free Guy,2021.0,1.0,0.0,6264654.0,10012.0,19476.0,2021-08-16 08:23:54,1.0
Drive My Car,2021.0,3.0,0.0,14039582.0,10014.0,19480.0,2021-08-22 21:33:19,1.0
"Green Knight, The",2021.0,1.0,0.0,9243804.0,10015.0,19481.0,2021-08-23 06:11:42,1.0
Good on Paper,2021.0,3.0,0.0,8231668.0,10017.0,19484.0,2021-08-23 16:29:30,1.0
Reminiscence,2021.0,2.0,0.0,3272066.0,10018.0,19486.0,2021-08-24 08:57:44,1.0
Madame Claude,2021.0,3.0,0.0,10307724.0,10019.0,19488.0,2021-08-24 14:33:51,1.0
Army of the Dead,2021.0,3.0,0.0,993840.0,10113.0,19671.0,2021-10-31 02:14:58,1.0
"Influencer, The",2021.0,3.0,0.0,10868922.0,10023.0,19492.0,2021-08-27 05:25:44,1.0
No Sudden Move,2021.0,3.0,0.0,11525644.0,10026.0,19497.0,2021-08-29 21:38:14,1.0
"Little Things, The",2021.0,3.0,0.0,10016180.0,10027.0,19498.0,2021-08-30 01:29:17,1.0
"La Luna, Tomasico y mi abuela",2021.0,0.0,0.0,14156262.0,10051.0,19544.0,2021-09-16 00:11:25,1.0
Dune,2021.0,3.0,0.0,1160419.0,10052.0,19545.0,2021-09-16 08:04:46,1.0
#Nofilter,2021.0,0.0,0.0,14843560.0,10065.0,19562.0,2021-09-20 02:39:47,1.0
CODA,2021.0,3.0,0.0,10366460.0,10076.0,19587.0,2021-10-04 21:49:55,1.0
No Time To Die,2021.0,2.0,1.0,2382320.0,10075.0,19585.0,2021-10-04 08:29:46,1.0
"Many Saints of Newark, The",2021.0,2.0,0.0,8110232.0,10074.0,19583.0,2021-10-03 22:25:04,1.0
"Guilty, The",2021.0,1.0,0.0,9421570.0,10079.0,19599.0,2021-10-10 20:16:13,1.0
Spider-Man: No Way Home,2021.0,3.0,1.0,10872600.0,10166.0,19768.0,2021-12-21 02:14:30,1.0
Till Death,2021.0,0.0,0.0,11804152.0,10083.0,19613.0,2021-10-18 19:58:48,1.0
"Last Duel, The",2021.0,3.0,1.0,4244994.0,10085.0,19619.0,2021-10-20 02:30:29,1.0
"Harder They Fall, The",2021.0,3.0,0.0,10696784.0,10123.0,19687.0,2021-11-09 21:46:49,1.0
Passing,2021.0,3.0,0.0,8893974.0,10121.0,19684.0,2021-11-08 09:11:26,1.0
Venom Let there be Carnage,2021.0,2.0,0.0,7097896.0,10092.0,19627.0,2021-10-21 10:11:03,1.0
Night Teeth,2021.0,2.0,0.0,10763820.0,10114.0,19672.0,2021-10-31 20:47:12,1.0
Borga,2021.0,3.0,0.0,5492808.0,10120.0,19682.0,2021-11-06 01:00:23,1.0
Eternals,2021.0,3.0,0.0,9032400.0,10118.0,19679.0,2021-11-05 11:18:45,1.0
Respect,2021.0,3.0,0.0,2452150.0,10106.0,19654.0,2021-10-24 21:14:06,1.0
Last Night in Soho,2021.0,3.0,0.0,9639470.0,10116.0,19674.0,2021-11-03 01:22:47,1.0
"French Dispatch, The",2021.0,3.0,0.0,8847712.0,10115.0,19673.0,2021-11-03 01:15:13,1.0
"Lost Daughter, The",2021.0,3.0,0.0,9100054.0,10129.0,19698.0,2021-11-16 08:41:37,1.0
Eye of the Beholder,2021.0,3.0,0.0,15526040.0,10132.0,19704.0,2021-11-19 22:41:23,1.0
Red Notice,2021.0,1.0,0.0,7991608.0,10164.0,19765.0,2021-12-20 14:10:11,1.0
Petite Maman,2021.0,3.0,0.0,13204490.0,10144.0,19724.0,2021-11-29 14:38:11,1.0
Memoria,2021.0,3.0,0.0,8399288.0,10337.0,20153.0,2022-06-07 22:53:29,1.0
There&#39;s Someone Inside Your House,2021.0,3.0,0.0,8150814.0,10147.0,19727.0,2021-11-30 16:18:27,1.0
"Retreat, The",2021.0,3.0,0.0,11392272.0,10149.0,19729.0,2021-11-30 16:28:00,1.0
Encanto,2021.0,3.0,0.0,2953050.0,10151.0,19732.0,2021-12-02 00:36:48,1.0
Love Hard,2021.0,2.0,0.0,10752004.0,10152.0,19735.0,2021-12-05 19:22:20,1.0
West Side Story,2021.0,3.0,0.0,3581652.0,10157.0,19743.0,2021-12-10 03:10:09,1.0
Every Time a Bell Rings,2021.0,3.0,0.0,15943414.0,10158.0,19744.0,2021-12-10 08:03:02,1.0
Single All The Way,2021.0,3.0,0.0,14315756.0,10161.0,19753.0,2021-12-15 10:10:36,1.0
"Matrix Resurrections, The",2021.0,3.0,0.0,10838180.0,10167.0,19776.0,2021-12-25 05:10:39,1.0
Don&#146;t Look Up,2021.0,3.0,0.0,11286314.0,10168.0,19786.0,2021-12-28 04:33:27,1.0
Kate,2021.0,2.0,1.0,7737528.0,10172.0,19794.0,2021-12-30 16:43:37,1.0
A Classic Horror Story,2021.0,3.0,1.0,12877640.0,10177.0,19802.0,2022-01-03 22:38:08,1.0
"Tender Bar, The",2021.0,1.0,0.0,3108894.0,10184.0,19817.0,2022-01-08 01:36:03,1.0
Licorice Pizza,2021.0,3.0,0.0,11271038.0,10185.0,19818.0,2022-01-08 09:30:00,1.0
Nightmare Alley,2021.0,1.0,0.0,7740496.0,10186.0,19820.0,2022-01-08 09:37:22,1.0
13 Minutes,2021.0,3.0,0.0,9274670.0,10196.0,19841.0,2022-01-14 19:45:08,1.0
tick...tick..BOOM!,2021.0,3.0,1.0,8721424.0,10190.0,19830.0,2022-01-10 22:18:51,1.0
The Worst Person in the World,2021.0,3.0,1.0,10370710.0,10193.0,19835.0,2022-01-11 12:11:54,1.0
Being The Ricardos,2021.0,3.0,0.0,4995540.0,10199.0,19846.0,2022-01-16 09:14:48,1.0
Boiling Point,2021.0,3.0,0.0,11127680.0,10200.0,19848.0,2022-01-17 11:34:50,1.0
"Power of the Dog, The",2021.0,0.0,0.0,10293406.0,10202.0,19851.0,2022-01-18 16:26:28,1.0
Mass,2021.0,3.0,0.0,11389748.0,10206.0,19858.0,2022-01-23 09:17:33,1.0
Belfast,2021.0,1.0,0.0,12789558.0,10213.0,19871.0,2022-01-27 15:05:54,1.0
"King&#39;s Man, The",2021.0,1.0,0.0,6856242.0,10216.0,19876.0,2022-02-01 01:34:48,1.0
the fallout,2021.0,3.0,0.0,11847410.0,10220.0,19883.0,2022-02-03 22:09:58,1.0
Dear Evan Hansen,2021.0,1.0,0.0,9357050.0,10224.0,19892.0,2022-02-07 01:58:12,1.0
Sing 2,2021.0,3.0,0.0,6467266.0,10230.0,19906.0,2022-02-17 06:33:26,1.0
,,,,,,,,
After We Fell,2021.0,1.0,0.0,13069986.0,10233.0,19911.0,2022-02-18 22:17:08,1.0
Parallel Mothers,2021.0,3.0,0.0,12618926.0,10248.0,19949.0,2022-03-10 14:08:23,1.0
Ron&#39;s Gone Wrong,2021.0,3.0,1.0,7504818.0,10256.0,19958.0,2022-03-13 18:43:36,1.0
Godzilla Vs Kong,2021.0,3.0,1.0,5034838.0,10259.0,19962.0,2022-03-15 11:16:05,1.0
Flashback,2021.0,3.0,0.0,14371426.0,10261.0,19966.0,2022-03-18 22:36:13,1.0
Spencer,2021.0,3.0,0.0,12536294.0,10271.0,19981.0,2022-03-28 16:46:42,1.0
Hiraeth,2021.0,3.0,0.0,4552196.0,10285.0,20006.0,2022-04-06 10:41:46,1.0
Great Freedom,2021.0,0.0,0.0,14775784.0,10307.0,20064.0,2022-05-02 03:06:06,1.0
Dark Web: Cicada 3301,2021.0,3.0,1.0,8110246.0,10309.0,20069.0,2022-05-03 20:46:14,1.0
Seal Team,2021.0,3.0,0.0,8456190.0,10319.0,20087.0,2022-05-10 04:37:32,1.0
G&ucirc;zen to s&ocirc;z&ocirc; [Wheel of Fortune and Fantasy],2021.0,3.0,0.0,14034966.0,10355.0,20177.0,2022-06-08 17:54:19,1.0
"Card Counter, The",2021.0,1.0,0.0,11196036.0,10360.0,20204.0,2022-06-14 03:15:53,1.0
Ghostbusters: Afterlife,2021.0,3.0,0.0,4513678.0,10361.0,20207.0,2022-06-15 01:22:00,1.0
Lamb,2021.0,1.0,0.0,9812474.0,10364.0,20214.0,2022-06-18 10:08:03,1.0
Benedetta,2021.0,3.0,0.0,6823148.0,10367.0,20221.0,2022-06-20 12:29:42,1.0
"Batman: The Long Halloween, Part One",2021.0,3.0,1.0,14324650.0,10373.0,20231.0,2022-06-22 12:59:24,1.0
"Batman: The Long Halloween, Part Two",2021.0,1.0,0.0,14402926.0,10377.0,20235.0,2022-06-23 13:27:08,1.0
Injustice,2021.0,1.0,0.0,5012504.0,10380.0,20243.0,2022-06-27 08:05:36,1.0
Back to the Outback,2021.0,3.0,0.0,13575806.0,10385.0,20253.0,2022-07-04 18:52:22,1.0
Queen Bees,2021.0,3.0,0.0,8338076.0,10396.0,20274.0,2022-07-09 01:55:12,1.0
Jolt,2021.0,3.0,1.0,10228134.0,10399.0,20278.0,2022-07-11 00:31:32,1.0
Black Box,2021.0,1.0,0.0,10341034.0,10431.0,20333.0,2022-08-06 14:58:14,1.0
Army of Thieves,2021.0,3.0,0.0,13024674.0,10440.0,20346.0,2022-08-11 21:07:10,1.0
Bull,2021.0,1.0,0.0,13266998.0,10454.0,20373.0,2022-08-28 07:02:53,1.0
King Richard,2021.0,3.0,0.0,9620288.0,10458.0,20378.0,2022-08-30 22:44:10,1.0
House of Gucci,2021.0,2.0,0.0,11214590.0,10459.0,20380.0,2022-09-01 12:41:49,1.0
Pushpa: The Rise - Part 1,2021.0,2.0,0.0,9389998.0,10463.0,20386.0,2022-09-04 06:19:00,1.0
Official Competition,2021.0,1.0,0.0,11700260.0,10465.0,20390.0,2022-09-08 06:09:35,1.0
Around the World in 80 Days,2021.0,3.0,0.0,9174578.0,10471.0,20397.0,2022-09-09 16:56:48,1.0
Belle,2021.0,3.0,0.0,13651628.0,10473.0,20399.0,2022-09-10 21:24:35,1.0
"Souvenir: Part II, The",2021.0,3.0,0.0,6992978.0,10509.0,20447.0,2022-10-03 14:41:52,1.0
"Paris, 13th District (Les Olympiades, Paris 13e)",2021.0,3.0,0.0,12708658.0,10511.0,20449.0,2022-10-03 14:58:36,1.0
"Young Lovers, The",2021.0,3.0,0.0,13462472.0,10514.0,20459.0,2022-10-04 20:39:35,1.0
"Hating Game, The",2021.0,3.0,1.0,8718158.0,10520.0,20467.0,2022-10-08 05:10:10,1.0
France,2021.0,3.0,0.0,9714030.0,10537.0,20491.0,2022-10-14 22:52:40,1.0
Bem Bom,2021.0,3.0,0.0,11621960.0,10566.0,20530.0,2022-10-20 19:12:06,1.0
Yes Day,2021.0,3.0,0.0,8521876.0,10579.0,20547.0,2022-10-24 16:36:43,1.0
Everything Will Change,2021.0,0.0,0.0,13086274.0,10590.0,20558.0,2022-10-28 20:48:40,1.0
Hear Me Out,2021.0,3.0,0.0,14371818.0,10604.0,20584.0,2022-11-10 03:54:34,1.0
Jujutsu Kaisen 0,2021.0,1.0,0.0,14331144.0,10618.0,20616.0,2022-11-16 22:36:55,1.0
My Little Pony: A New Generation,2021.0,3.0,1.0,10101702.0,10619.0,20620.0,2022-11-17 21:53:21,1.0
"innocents , The",2021.0,1.0,0.0,4028464.0,10624.0,20628.0,2022-11-21 03:55:33,1.0
Ride or Die,2021.0,1.0,0.0,14164234.0,10653.0,20686.0,2022-12-08 09:30:37,1.0
On the Count of Three,2021.0,1.0,0.0,11160650.0,10655.0,20690.0,2022-12-09 06:42:21,1.0
Inmersi&oacute;n,2021.0,1.0,0.0,13845792.0,10660.0,20700.0,2022-12-12 19:36:08,1.0
Cyrano,2021.0,2.0,0.0,12889404.0,10682.0,20744.0,2022-12-30 03:37:16,1.0
7 Women and a Murder,2021.0,3.0,0.0,15206378.0,10688.0,20762.0,2023-01-04 22:09:01,1.0
"Sex Lives of College Girls, The",2021.0,3.0,0.0,11212276.0,10725.0,20865.0,2023-01-29 12:01:13,1.0
Queenpins,2021.0,3.0,0.0,9054192.0,10793.0,20986.0,2023-03-06 00:19:51,1.0
After Yang,2021.0,1.0,0.0,8633464.0,10800.0,20999.0,2023-03-10 22:06:43,1.0
"Mandela Catalouge, The",2021.0,1.0,0.0,16492574.0,10802.0,21001.0,2023-03-12 08:52:52,1.0
"Hill Where Lionesses Roar, The",2021.0,3.0,0.0,11379572.0,10808.0,21030.0,2023-03-17 00:34:09,1.0
Clifford The Big Red Dog,2021.0,1.0,0.0,2397461.0,10826.0,21060.0,2023-03-26 18:04:14,1.0
Farha,2021.0,3.0,0.0,11555492.0,10830.0,21068.0,2023-03-28 21:00:38,1.0
"Starling, The",2021.0,3.0,0.0,5164438.0,10850.0,21110.0,2023-04-14 21:53:05,1.0
Gibi,2021.0,0.0,1.0,13675832.0,10951.0,21320.0,2023-07-18 06:26:42,1.0
Bros,2022.0,3.0,0.0,9731598.0,10643.0,20654.0,2022-11-29 19:24:24,1.0
"355, The",2022.0,3.0,0.0,8356942.0,10195.0,19837.0,2022-01-13 14:47:49,1.0
"Royal Treatment, The",2022.0,3.0,0.0,13989030.0,10214.0,19873.0,2022-01-29 12:35:06,1.0
Scream,2022.0,3.0,0.0,11245972.0,10221.0,19884.0,2022-02-03 22:15:21,1.0
Uncharted,2022.0,2.0,1.0,1464335.0,10226.0,19901.0,2022-02-14 13:05:22,1.0
Catwoman: Hunted,2022.0,3.0,0.0,15248702.0,10237.0,19917.0,2022-02-22 07:41:00,1.0
"Batman , The",2022.0,3.0,0.0,1877830.0,10241.0,19926.0,2022-03-02 18:04:09,1.0
No Exit,2022.0,3.0,0.0,7550014.0,10242.0,19934.0,2022-03-03 15:44:48,1.0
Umma,2022.0,3.0,0.0,13235822.0,10243.0,19935.0,2022-03-04 06:05:39,1.0
Ambulance,2022.0,2.0,1.0,4998632.0,10303.0,20041.0,2022-04-24 22:37:13,1.0
Turning Red,2022.0,3.0,0.0,8097030.0,10251.0,19953.0,2022-03-12 07:27:46,1.0
Everything Everywhere All at Once,2022.0,3.0,0.0,6710474.0,10304.0,20042.0,2022-04-25 05:10:07,1.0
Texas Chainsaw Massacre,2022.0,3.0,1.0,11755740.0,10257.0,19959.0,2022-03-13 19:53:04,1.0
"Weekend Away, The",2022.0,3.0,0.0,14817272.0,10262.0,19967.0,2022-03-19 10:59:57,1.0
"Adam Project, The",2022.0,1.0,0.0,2463208.0,10263.0,19968.0,2022-03-19 22:25:13,1.0
Fresh,2022.0,3.0,0.0,13403046.0,10273.0,19983.0,2022-03-30 18:55:20,1.0
"Lost City, The",2022.0,3.0,0.0,13320622.0,10299.0,20030.0,2022-04-21 15:18:20,1.0
"Bubble, The",2022.0,3.0,0.0,13610562.0,10278.0,19993.0,2022-04-02 07:35:38,1.0
Sonic the Hedgehog 2,2022.0,3.0,0.0,12412888.0,10279.0,19995.0,2022-04-02 23:42:54,1.0
"Bad Guys, The",2022.0,3.0,0.0,8115900.0,10280.0,19996.0,2022-04-02 23:46:32,1.0
"In Between , The",2022.0,1.0,0.0,8851148.0,10290.0,20012.0,2022-04-10 12:03:34,1.0
Morbius,2022.0,1.0,0.0,5108870.0,10292.0,20015.0,2022-04-12 05:28:00,1.0
Death on the Nile,2022.0,3.0,0.0,7657566.0,10297.0,20024.0,2022-04-17 07:31:26,1.0
Allra s&iacute;&eth;asta vei&eth;ifer&eth;in,2022.0,1.0,0.0,15387742.0,10308.0,20065.0,2022-05-02 10:14:43,1.0
Doctor Strange in the Multiverse of Madness,2022.0,3.0,0.0,9419884.0,10314.0,20078.0,2022-05-07 21:32:05,1.0
"Northman, The",2022.0,1.0,0.0,11138512.0,10317.0,20081.0,2022-05-09 10:04:54,1.0
Senior Year,2022.0,3.0,0.0,5315212.0,10323.0,20101.0,2022-05-17 14:57:31,1.0
Men,2022.0,3.0,1.0,13841850.0,10325.0,20116.0,2022-05-23 02:56:09,1.0
Fantastic Beasts: The Secrets of Dumbledore,2022.0,1.0,0.0,4123432.0,10327.0,20120.0,2022-05-24 23:20:06,1.0
Top Gun: Maverick,2022.0,3.0,0.0,1745960.0,10333.0,20129.0,2022-05-29 16:35:37,1.0
Kimi,2022.0,2.0,0.0,14128670.0,10339.0,20155.0,2022-06-07 23:03:43,1.0
Strange World,2022.0,3.0,0.0,10298840.0,10750.0,20919.0,2023-02-16 18:35:49,1.0
Jurassic World Dominion,2022.0,3.0,0.0,8041270.0,10357.0,20194.0,2022-06-12 00:22:38,1.0
Spiderhead,2022.0,1.0,0.0,9783600.0,10365.0,20217.0,2022-06-19 01:16:53,1.0
"Good luck to you, Leo Grande",2022.0,3.0,0.0,13352968.0,10366.0,20220.0,2022-06-20 12:27:05,1.0
Metal Lords,2022.0,1.0,0.0,12141112.0,10368.0,20222.0,2022-06-20 12:31:05,1.0
X,2022.0,3.0,0.0,13560574.0,10369.0,20223.0,2022-06-20 12:32:23,1.0
Incroyable mais vrai,2022.0,1.0,0.0,13145534.0,10370.0,20226.0,2022-06-21 08:27:06,1.0
Lightyear,2022.0,2.0,0.0,10298810.0,10371.0,20229.0,2022-06-21 20:40:47,1.0
Chip &#39;n Dale: Rescue Rangers,2022.0,3.0,0.0,3513500.0,10372.0,20230.0,2022-06-22 00:21:04,1.0
Beavis and Butt-Head do the Universe,2022.0,0.0,0.0,14145426.0,10384.0,20252.0,2022-07-02 01:38:05,1.0
Love and Gelato,2022.0,3.0,0.0,15521050.0,10382.0,20248.0,2022-06-29 18:36:04,1.0
Elvis,2022.0,1.0,0.0,3704428.0,10386.0,20254.0,2022-07-04 23:04:12,1.0
Teen Titans Go! &amp; DC Super Hero Girls: Mayhem in the Multiverse,2022.0,3.0,0.0,18250460.0,10387.0,20259.0,2022-07-06 11:40:28,1.0
Thor: Love and Thunder,2022.0,3.0,0.0,10648342.0,10395.0,20271.0,2022-07-08 10:42:58,1.0
"House, The",2022.0,3.0,0.0,11703050.0,10397.0,20275.0,2022-07-09 08:22:39,1.0
Emily the Criminal,2022.0,3.0,0.0,15255876.0,10447.0,20365.0,2022-08-23 00:07:18,1.0
Badhaai Do,2022.0,3.0,0.0,11934846.0,10400.0,20279.0,2022-07-11 00:46:32,1.0
Minions: the rise of gru,2022.0,1.0,0.0,5113044.0,10408.0,20292.0,2022-07-16 20:49:45,1.0
Mrs Harris Goes to Paris,2022.0,3.0,0.0,5151570.0,10410.0,20296.0,2022-07-19 13:55:26,1.0
"Bob&#146;s Burgers Movie, The",2022.0,3.0,0.0,7466442.0,10413.0,20300.0,2022-07-22 02:12:48,1.0
"Gray Man, The",2022.0,2.0,0.0,1649418.0,10414.0,20301.0,2022-07-22 21:45:05,1.0
Emergency,2022.0,3.0,0.0,13650600.0,10421.0,20312.0,2022-07-25 21:13:24,1.0
Save the Cinema,2022.0,3.0,0.0,12048234.0,10426.0,20321.0,2022-07-31 11:19:03,1.0
Paper Girls,2022.0,3.0,0.0,10623646.0,10427.0,20325.0,2022-08-02 02:29:38,1.0
Blasted,2022.0,3.0,0.0,14866710.0,10428.0,20328.0,2022-08-03 20:21:06,1.0
Bullet Train,2022.0,1.0,0.0,12593682.0,10429.0,20329.0,2022-08-05 12:29:03,1.0
La nuit du 12,2022.0,3.0,1.0,16953666.0,10432.0,20334.0,2022-08-06 15:17:54,1.0
Prey,2022.0,3.0,0.0,11866324.0,10433.0,20336.0,2022-08-07 06:50:23,1.0
"Sea Beast, The",2022.0,3.0,0.0,9288046.0,10435.0,20338.0,2022-08-08 08:13:27,1.0
All the old knives,2022.0,3.0,1.0,3706352.0,10436.0,20339.0,2022-08-08 13:58:02,1.0
Nope,2022.0,1.0,0.0,10954984.0,10439.0,20345.0,2022-08-11 19:01:56,1.0
Thirteen Lives,2022.0,0.0,0.0,12262116.0,10441.0,20351.0,2022-08-14 08:24:52,1.0
Dragon Ball Super: Super Hero,2022.0,3.0,0.0,14614892.0,10443.0,20359.0,2022-08-19 20:52:14,1.0
Mad God,2022.0,0.0,0.0,15090124.0,10444.0,20361.0,2022-08-20 18:55:27,1.0
Bodies Bodies Bodies,2022.0,3.0,0.0,8110652.0,10445.0,20362.0,2022-08-21 18:04:31,1.0
Gangubai Kathiawadi,2022.0,3.0,0.0,10083340.0,10448.0,20366.0,2022-08-25 05:37:25,1.0
Not Okay,2022.0,3.0,0.0,14814040.0,10451.0,20370.0,2022-08-26 09:39:55,1.0
Blackbird,2022.0,1.0,0.0,8246646.0,10461.0,20383.0,2022-09-02 21:00:14,1.0
Look Both Ways,2022.0,3.0,0.0,14298328.0,10464.0,20388.0,2022-09-05 19:11:48,1.0
Dark Glasses,2022.0,3.0,0.0,10935560.0,10484.0,20416.0,2022-09-21 19:42:27,1.0
Do Revenge,2022.0,3.0,1.0,13327038.0,10487.0,20419.0,2022-09-22 04:46:15,1.0
Don&#39;t Worry Darling,2022.0,3.0,0.0,10731256.0,10495.0,20431.0,2022-09-27 19:44:10,1.0
Darlings,2022.0,3.0,0.0,14152140.0,10500.0,20436.0,2022-09-29 01:59:53,1.0
Pinocchio,2022.0,1.0,0.0,4593060.0,10501.0,20438.0,2022-09-30 21:23:27,1.0
Hocus Pocus 2,2022.0,3.0,0.0,11909878.0,10502.0,20439.0,2022-10-01 02:40:36,1.0
Triangle of Sadness,2022.0,3.0,0.0,7322224.0,10508.0,20446.0,2022-10-03 14:36:30,1.0
"Quiet Girl (An Cail&iacute;n Ci&uacute;in), The",2022.0,3.0,0.0,15109082.0,10510.0,20448.0,2022-10-03 14:45:14,1.0
"Novelist&#39;s Film (So-seol-ga-ui Yeong-hwa), The",2022.0,3.0,0.0,17146978.0,10512.0,20450.0,2022-10-03 15:01:59,1.0
Flux Gourmet,2022.0,3.0,0.0,15010292.0,10513.0,20451.0,2022-10-03 15:04:56,1.0
"Menu, The",2022.0,3.0,0.0,9764362.0,10515.0,20460.0,2022-10-05 13:28:32,1.0
Pearl,2022.0,3.0,0.0,18925334.0,10516.0,20461.0,2022-10-05 14:19:13,1.0
Blonde,2022.0,2.0,0.0,1655389.0,10517.0,20464.0,2022-10-07 19:10:39,1.0
"Invitation, The",2022.0,3.0,0.0,12873562.0,10518.0,20465.0,2022-10-08 01:46:34,1.0
Samartian,2022.0,1.0,0.0,5500218.0,10525.0,20472.0,2022-10-09 08:40:21,1.0
Smile,2022.0,3.0,0.0,15474916.0,10532.0,20483.0,2022-10-13 20:28:03,1.0
As bestas,2022.0,3.0,0.0,15006566.0,10534.0,20487.0,2022-10-14 13:21:56,1.0
Athena,2022.0,2.0,0.0,15445056.0,10535.0,20489.0,2022-10-14 14:13:54,1.0
Tout le monde aime Jeanne,2022.0,3.0,0.0,14913250.0,10536.0,20490.0,2022-10-14 19:43:30,1.0
Purple Heart,2022.0,3.0,0.0,4614584.0,10651.0,20682.0,2022-12-05 23:33:04,1.0
Spirited,2022.0,3.0,0.0,10999120.0,10646.0,20668.0,2022-12-03 20:22:17,1.0
Clerks III,2022.0,1.0,0.0,11128440.0,10549.0,20503.0,2022-10-15 03:34:36,1.0
Barbarian,2022.0,3.0,0.0,15791034.0,10551.0,20505.0,2022-10-15 13:09:36,1.0
Deep Woods,2022.0,1.0,1.0,10373934.0,10554.0,20515.0,2022-10-17 02:13:00,1.0
Wendell &amp; Wild,2022.0,3.0,0.0,5181830.0,10641.0,20652.0,2022-11-28 23:34:42,1.0
"Woman King, The",2022.0,3.0,0.0,8093700.0,10561.0,20523.0,2022-10-18 19:14:00,1.0
Final Cut,2022.0,3.0,0.0,14317880.0,10563.0,20526.0,2022-10-19 18:28:40,1.0
Halloween Kills,2022.0,3.0,1.0,10665338.0,10564.0,20527.0,2022-10-19 20:31:55,1.0
Remains of the Wind,2022.0,2.0,0.0,14145004.0,10567.0,20531.0,2022-10-20 19:14:56,1.0
A Fada do Lar,2022.0,3.0,0.0,10541410.0,10568.0,20532.0,2022-10-20 19:25:34,1.0
Catherine Called Birdy,2022.0,3.0,0.0,11727866.0,10577.0,20545.0,2022-10-24 08:55:43,1.0
Terrifier 2,2022.0,3.0,0.0,10403420.0,10580.0,20548.0,2022-10-25 11:12:37,1.0
L&#39;autre rive,2022.0,3.0,0.0,14362474.0,10581.0,20549.0,2022-10-25 14:47:12,1.0
Crush,2022.0,1.0,1.0,15096128.0,10583.0,20551.0,2022-10-25 15:13:04,1.0
Tar,2022.0,3.0,0.0,14444726.0,10586.0,20554.0,2022-10-27 19:33:44,1.0
"Stranger, The",2022.0,3.0,1.0,11897478.0,10595.0,20568.0,2022-11-04 05:59:15,1.0
Me Time,2022.0,1.0,0.0,14309446.0,10596.0,20571.0,2022-11-04 19:59:24,1.0
My Policeman,2022.0,2.0,0.0,13139228.0,10598.0,20576.0,2022-11-06 07:42:25,1.0
Enola Holmes 2,2022.0,3.0,0.0,14641788.0,10600.0,20579.0,2022-11-08 06:02:21,1.0
Fire Island,2022.0,3.0,0.0,15218000.0,10601.0,20581.0,2022-11-08 13:23:26,1.0
"Man From Toronto, The",2022.0,2.0,0.0,11671006.0,10605.0,20585.0,2022-11-10 04:02:50,1.0
"Legend of Maula Jatt, The",2022.0,3.0,0.0,4139928.0,10606.0,20591.0,2022-11-11 07:29:01,1.0
Black Panther: Wakanda Forever,2022.0,3.0,0.0,9114286.0,10609.0,20601.0,2022-11-13 01:35:16,1.0
El cuarto pasajero,2022.0,0.0,0.0,13932410.0,10610.0,20602.0,2022-11-13 11:18:35,1.0
Code Name Banshee,2022.0,3.0,0.0,15438542.0,10613.0,20606.0,2022-11-14 02:00:19,1.0
Nayola,2022.0,3.0,0.0,3726682.0,10614.0,20607.0,2022-11-14 19:55:39,1.0
My Grandfather&#39;s Demons,2022.0,3.0,0.0,11488024.0,10615.0,20608.0,2022-11-14 19:59:51,1.0
One Fine Morning,2022.0,3.0,0.0,13482828.0,10616.0,20609.0,2022-11-14 20:00:54,1.0
Weird: The Al Yankovic Story,2022.0,1.0,0.0,17076046.0,10617.0,20613.0,2022-11-15 22:17:51,1.0
"Banshees of Inisherin, The",2022.0,3.0,0.0,11813216.0,10620.0,20623.0,2022-11-18 22:33:32,1.0
Disenchanted,2022.0,3.0,0.0,1596342.0,10621.0,20625.0,2022-11-19 15:23:12,1.0
"Good Nurse, The",2022.0,3.0,0.0,4273800.0,10622.0,20626.0,2022-11-20 09:13:18,1.0
"Movie Star, The",2022.0,1.0,0.0,21848598.0,10626.0,20631.0,2022-11-21 21:21:10,1.0
One Piece: Film Red,2022.0,3.0,1.0,16183464.0,10627.0,20632.0,2022-11-23 03:46:48,1.0
Night at the Museum: Kahmunrah Rises Again,2022.0,3.0,0.0,13623880.0,10656.0,20692.0,2022-12-10 02:10:08,1.0
Your Christmas or Mine?,2022.0,3.0,0.0,21994906.0,10657.0,20695.0,2022-12-11 08:32:41,1.0
"Rodrigo Ortiz Vinholo Film, The",2022.0,0.0,0.0,24803056.0,10674.0,20727.0,2022-12-22 14:16:39,1.0
Avatar: The Way Of Water,2022.0,2.0,1.0,1630029.0,10676.0,20732.0,2022-12-25 04:23:48,1.0
Where the Crawdads Sing,2022.0,3.0,0.0,9411972.0,10678.0,20735.0,2022-12-26 05:27:53,1.0
Brahmastra Part One Shiva,2022.0,1.0,0.0,6277462.0,10679.0,20738.0,2022-12-27 13:43:53,1.0
Glass Onion: A Knives Out Mystery,2022.0,3.0,0.0,11564570.0,10680.0,20740.0,2022-12-27 20:57:59,1.0
"Nanny, The",2022.0,3.0,0.0,10931784.0,10681.0,20742.0,2022-12-28 20:46:48,1.0
"Unbearable Weight of Massive Talent, The",2022.0,3.0,1.0,11291274.0,10683.0,20745.0,2022-12-30 19:38:08,1.0
Willow,2022.0,3.0,0.0,10278918.0,10684.0,20748.0,2022-12-30 21:54:42,1.0
Bones and All,2022.0,3.0,0.0,10168670.0,10687.0,20755.0,2023-01-02 11:55:27,1.0
A Man Called  Otto,2022.0,2.0,0.0,7405458.0,10689.0,20771.0,2023-01-06 23:31:02,1.0
Matilda the Musical,2022.0,3.0,0.0,3447590.0,10690.0,20772.0,2023-01-07 03:13:03,1.0
Guillermo del Toro&#39;s Pinocchio,2022.0,1.0,1.0,1488589.0,10691.0,20774.0,2023-01-08 02:45:39,1.0
Puss in Boots: The Last Wish,2022.0,3.0,0.0,3915174.0,10692.0,20775.0,2023-01-08 02:48:37,1.0
the wonder,2022.0,3.0,0.0,9288822.0,10695.0,20778.0,2023-01-09 15:35:20,1.0
White Noise,2022.0,3.0,0.0,6160448.0,10698.0,20782.0,2023-01-11 01:26:27,1.0
Broker,2022.0,3.0,0.0,13056052.0,10699.0,20784.0,2023-01-11 22:16:58,1.0
Ruido (Noise),2022.0,3.0,0.0,11306932.0,10701.0,20788.0,2023-01-12 16:11:08,1.0
RRR,2022.0,2.0,1.0,8178634.0,10707.0,20808.0,2023-01-15 08:52:17,1.0
Cici,2022.0,3.0,0.0,22227936.0,10711.0,20815.0,2023-01-16 04:32:22,1.0
Burning Days (Kurak G&uuml;nler),2022.0,1.0,0.0,14859416.0,10712.0,20816.0,2023-01-16 05:40:47,1.0
Qala,2022.0,3.0,0.0,14428598.0,10716.0,20832.0,2023-01-19 02:50:16,1.0
Gone in the Night,2022.0,2.0,0.0,15426294.0,10720.0,20850.0,2023-01-27 00:44:44,1.0
the swimmers,2022.0,3.0,0.0,8745676.0,10726.0,20866.0,2023-01-29 12:42:39,1.0
Babylon,2022.0,3.0,0.0,10640346.0,10730.0,20883.0,2023-02-04 00:26:42,1.0
What&#39;s Love Got to Do with It,2022.0,1.0,0.0,13430858.0,10734.0,20890.0,2023-02-06 15:48:03,1.0
EL Agua,2022.0,3.0,0.0,14300504.0,10741.0,20900.0,2023-02-09 13:28:44,1.0
Blade of the 47 Ronin,2022.0,3.0,1.0,12610794.0,10759.0,20933.0,2023-02-20 07:00:48,1.0
Hellbender,2022.0,3.0,0.0,14905650.0,10784.0,20967.0,2023-02-28 05:10:13,1.0
"Whale, The",2022.0,2.0,0.0,13833688.0,10787.0,20975.0,2023-03-02 20:12:55,1.0
"Confess, Fletch",2022.0,3.0,1.0,12718300.0,10935.0,21258.0,2023-06-24 22:12:36,1.0
All Quiet on the Western Front,2022.0,0.0,0.0,1016150.0,10797.0,20993.0,2023-03-07 04:33:48,1.0
Women Talking,2022.0,3.0,0.0,13669038.0,10801.0,21000.0,2023-03-11 13:37:15,1.0
,,,,,,,,
Great Yarmouth: Provisional Figures,2022.0,3.0,0.0,14888898.0,10817.0,21042.0,2023-03-21 22:17:25,1.0
Fall,2022.0,3.0,0.0,15325794.0,10827.0,21061.0,2023-03-26 18:51:21,1.0
M3GAN,2022.0,3.0,0.0,8760708.0,10832.0,21071.0,2023-03-29 19:13:31,1.0
Goutte d&#39;Or,2022.0,1.0,0.0,14644048.0,10845.0,21101.0,2023-04-11 06:09:29,1.0
Grand Paris,2022.0,0.0,0.0,20227026.0,10849.0,21106.0,2023-04-13 21:33:26,1.0
She Said,2022.0,2.0,0.0,14807308.0,10857.0,21127.0,2023-04-26 08:58:33,1.0
Marte Um,2022.0,3.0,0.0,16377816.0,10900.0,21190.0,2023-05-08 01:36:40,1.0
"School for Good and Evil, The",2022.0,3.0,0.0,2935622.0,10924.0,21236.0,2023-05-28 01:57:02,1.0
Rise of the Teenage Mutant Ninja Turtles: The Movie,2022.0,3.0,0.0,9784708.0,10943.0,21300.0,2023-07-04 06:08:48,1.0
Skinamarink,2022.0,0.0,0.0,21307994.0,10964.0,21347.0,2023-07-25 10:56:25,1.0
Suzume,2022.0,3.0,0.0,16428256.0,10974.0,21358.0,2023-07-27 18:14:21,1.0
"Lyle, Lyle Crocodile",2022.0,1.0,0.0,14668630.0,10979.0,21378.0,2023-08-04 00:28:20,1.0
Talk To Me,2022.0,3.0,0.0,10638522.0,10993.0,21436.0,2023-08-29 14:07:59,1.0
"Fabelmans, The",2022.0,2.0,0.0,14208870.0,10997.0,21443.0,2023-09-03 18:53:09,1.0
Halloween Ends,2022.0,3.0,0.0,10665342.0,11002.0,21451.0,2023-09-06 16:25:14,1.0
Spider-Man: Across the Spider-Verse,2023.0,3.0,0.0,9362722.0,10938.0,21292.0,2023-06-27 05:33:39,1.0
Reflect,2023.0,3.0,0.0,14966324.0,10751.0,20920.0,2023-02-16 21:35:21,1.0
Ant-Man and the Wasp: Quantumania,2023.0,3.0,0.0,10954600.0,10756.0,20928.0,2023-02-18 08:07:12,1.0
Pathaan,2023.0,3.0,0.0,12844910.0,10728.0,20874.0,2023-02-01 19:23:02,1.0
Missing,2023.0,3.0,0.0,10855768.0,10754.0,20923.0,2023-02-17 03:08:48,1.0
Infinity Pool,2023.0,2.0,0.0,10365998.0,10737.0,20893.0,2023-02-08 04:22:04,1.0
Ast&eacute;rix et Ob&eacute;lix: L&#39;Empire du Milieu,2023.0,3.0,0.0,11210390.0,10936.0,21288.0,2023-06-25 02:01:48,1.0
Cocaine Bear,2023.0,3.0,0.0,14209916.0,10779.0,20961.0,2023-02-24 23:06:37,1.0
Les choses simples,2023.0,1.0,0.0,25971180.0,10785.0,20969.0,2023-02-28 10:43:35,1.0
65,2023.0,2.0,0.0,12261776.0,10804.0,21005.0,2023-03-13 05:07:15,1.0
SCREAM VI,2023.0,3.0,0.0,17663992.0,10809.0,21031.0,2023-03-17 16:36:08,1.0
Creed 3,2023.0,3.0,0.0,11145118.0,10835.0,21080.0,2023-04-03 20:04:26,1.0
Dungeons &amp; Dragons: Honour Among Thieves,2023.0,3.0,0.0,2906216.0,10837.0,21085.0,2023-04-05 08:15:48,1.0
"Super Mario Bros. Movie, The",2023.0,1.0,0.0,6718170.0,10839.0,21087.0,2023-04-05 22:57:52,1.0
Air,2023.0,0.0,0.0,16419074.0,10843.0,21099.0,2023-04-11 00:12:12,1.0
Demon Slayer: Kimetsu No Yaiba - To the Swordsmith Village,2023.0,3.0,0.0,26537229.0,10854.0,21116.0,2023-04-17 03:33:09,1.0
Chupa,2023.0,0.0,0.0,14923260.0,10860.0,21137.0,2023-04-29 17:13:14,1.0
Evil Dead Rise,2023.0,3.0,0.0,13345606.0,10879.0,21160.0,2023-05-01 14:41:52,1.0
Tetris,2023.0,3.0,0.0,12758060.0,10896.0,21178.0,2023-05-03 21:05:36,1.0
Are You There God? It&#39;s Me Margaret,2023.0,3.0,0.0,9185206.0,10897.0,21179.0,2023-05-04 10:43:51,1.0
,,,,,,,,
"Young Arsonists, The",2023.0,3.0,0.0,9583840.0,10930.0,21248.0,2023-06-14 17:30:03,1.0
Je verrai toujours vos visages,2023.0,3.0,0.0,24070754.0,10912.0,21211.0,2023-05-15 12:37:34,1.0
Bad Living,2023.0,3.0,0.0,14007288.0,10914.0,21216.0,2023-05-17 19:02:19,1.0
Living Bad,2023.0,3.0,0.0,26440896.0,10915.0,21217.0,2023-05-17 19:05:51,1.0
"Flash, The",2023.0,1.0,0.0,439572.0,10929.0,21247.0,2023-06-14 05:56:36,1.0
Fast X,2023.0,3.0,0.0,5433140.0,10917.0,21221.0,2023-05-18 21:54:10,1.0
Cast &amp; crew User reviews Trivia IMDbPro  Liu lang di qiu 2,2023.0,1.0,0.0,13539646.0,10918.0,21222.0,2023-05-19 11:16:25,1.0
InCar,2023.0,1.0,0.0,26744173.0,10923.0,21235.0,2023-05-26 10:48:31,1.0
"Little Mermaid, The",2023.0,3.0,0.0,5971474.0,10926.0,21241.0,2023-05-30 03:14:37,1.0
Barbie,2023.0,3.0,0.0,1517268.0,10956.0,21330.0,2023-07-21 14:27:01,1.0
Indiana Jones and the Dial of Destiny,2023.0,1.0,0.0,1462764.0,10940.0,21294.0,2023-07-01 02:39:22,1.0
Nimona,2023.0,3.0,0.0,19500164.0,10941.0,21297.0,2023-07-01 21:26:39,1.0
Reality,2023.0,0.0,0.0,24068064.0,10947.0,21309.0,2023-07-10 17:33:25,1.0
No Hard Feelings,2023.0,3.0,0.0,15671028.0,10948.0,21316.0,2023-07-11 23:46:50,1.0
Mission: Impossible - Dead Reckoning Part 1,2023.0,3.0,0.0,9603212.0,10950.0,21319.0,2023-07-16 08:45:32,1.0
Four Daughters,2023.0,3.0,0.0,27502426.0,10953.0,21324.0,2023-07-18 15:10:49,1.0
Oppenheimer,2023.0,2.0,0.0,15398776.0,10957.0,21331.0,2023-07-21 20:22:30,1.0
Ghosted,2023.0,2.0,0.0,15326988.0,10958.0,21333.0,2023-07-22 15:16:19,1.0
"Perfect Find, The",2023.0,3.0,0.0,8400584.0,10961.0,21339.0,2023-07-24 18:46:56,1.0
Asteroid City,2023.0,3.0,0.0,14230388.0,10963.0,21342.0,2023-07-24 19:02:38,1.0
Polite Society,2023.0,3.0,0.0,18257464.0,10978.0,21373.0,2023-08-03 15:14:21,1.0
Guardians of the Galaxy Vol. 3,2023.0,3.0,0.0,6791350.0,10971.0,21354.0,2023-07-25 16:39:21,1.0
Jules,2023.0,3.0,0.0,15428940.0,10972.0,21356.0,2023-07-25 20:45:34,1.0
Tarla,2023.0,3.0,0.0,27816768.0,10973.0,21357.0,2023-07-26 17:19:09,1.0
Renfield,2023.0,3.0,0.0,11358390.0,10975.0,21361.0,2023-07-28 15:11:05,1.0
Happiness for Beginners,2023.0,3.0,1.0,15509244.0,10976.0,21364.0,2023-07-31 02:05:04,1.0
Champions,2023.0,0.0,0.0,15339570.0,10977.0,21367.0,2023-08-02 02:15:51,1.0
Heart of Stone,2023.0,3.0,0.0,13603966.0,10984.0,21412.0,2023-08-13 13:00:08,1.0
Blue Beetle,2023.0,3.0,0.0,9362930.0,10986.0,21421.0,2023-08-18 19:30:17,1.0
"Priest&#39;s Exorcist, The",2023.0,3.0,0.0,13375076.0,10987.0,21422.0,2023-08-19 00:46:47,1.0
Concrete Utopia,2023.0,3.0,0.0,13086266.0,10990.0,21432.0,2023-08-27 01:34:17,1.0
Beau is Afraid,2023.0,2.0,0.0,13521006.0,10991.0,21434.0,2023-08-28 07:29:33,1.0
Bottoms,2023.0,3.0,0.0,17527468.0,10994.0,21440.0,2023-09-03 04:18:54,1.0
Winnie-the-Pooh: Blood and Honey,2023.0,3.0,0.0,19623240.0,10995.0,21441.0,2023-09-03 11:21:01,1.0
Haunted Mansion,2023.0,3.0,0.0,1695843.0,10996.0,21442.0,2023-09-03 18:32:34,1.0
"Portable Door, The",2023.0,3.0,0.0,11820950.0,11009.0,21466.0,2023-09-16 03:43:53,1.0
Anatomie d&#39;une chute,2023.0,3.0,0.0,17009710.0,11010.0,21469.0,2023-09-19 08:14:23,1.0
Slotherhouse,2023.0,3.0,0.0,15422224.0,11015.0,21477.0,2023-09-24 01:56:22,1.0
